Windows Registry Key(s),Autonomous System(s),MAC Address(s),ssdeep(s),URL(s),IPv6(s),Directory(s),IP(s),MD5(s),SHA-384(s),Email(s),SHA-1(s),File Path(s),SHA-256(s),IPv4-CIDR(s),SHA-512(s),Domain(s),SHA-224(s)
,,,,hxxp[:]//193[.]178[.]169[.]23/live[.]php?NOT-A-RESEARCHE,,,193[.]178[.]169[.]23,3061698f92d9687f0db272a011b7233a,,hradvisor[@]oncodrugshrdeveteampfizer[.]com,df8e63e701449eba08d9da77578a3caa02566752,,54c1096830b67cf30a00bc70736d1a0d331d75ad5a2c6f15415108c51e22f744,,,oncodrugshrdeveteampfizer[.]com,
,,,,hxxp[:]//193[.]178[.]169[.]23/fauth/brodh[.]zip,,,147[.]45[.]116[.]5,be932aa28d7a18ff0495a8c6846ff87b,,seniorhrpersonnel[@]oncodrugshrtdeptteampfizer[.]com,8530042fcffcc51d4494daaf2183210692970221,,48c08ffb5d775cc658f104dc91f823ba5f718efa9baa0938f070f1b3f6941d77,,,oncodrugshrtdeptteampfizer[.]com,
,,,,hxxps[:]//208[.]181[.]205[.]92[.]host[.]secureserver[.]net/?Cuenta=cfe[.]contigo[@]cfe[.]mx/,,,,f6fa152aa4259f51604f5bbaf5a5f4c4,,travelagentsmith[@]daydreamdestinationtours[.]com,cceda4a85374bcc622821a93e53cfe08d4ca3747,,bc02cc54c46f578f81dacab049b5ff1940da12003b3128e8842966fe46bb82fe,,,daydreamdestinationtours[.]com,
,,,,hxxps[:]//is[.]gd/UQA90v,,,,4c92847452cd9d05cb60b3f2763db398,,cfe[.]contigo[@]cfe[.]mx,c3320e81a33fff41f1602f31a56cc1b7d35cf7b9,,d1f1639e89e67281c9b0f72bdb970a5c235fbfcb8c19f7e840d4a25812aaf9cb,,,notafiscal[.]relatorio-fiscais[.]store,
,,,,hxxps[:]//is[.]gd/oh2pI4,,,,2cacf580d98e2265416c260ab8411329,,bgee5thfeb24[@]worlorderbillions[.]top,d434d20d2e0030f513d3084e6ef520140203036c,,8eebd5d8f5bd0a81eb858183c35331e114427d0594887d4f99a8a64067e7dc20,,,harfanglab[.]io,
,,,,hxxps[:]//notafiscal[.]relatorio-fiscais[.]online/,,,,18a3702bb83631256dac200fba0d5489,,,61fb4f11c367c1f870e2398093ef46807f793f8b,,f0506eecf846527c151b3d6214392c90454385119e29758a15aaf6df0deeedef,,,notafiscal[.]relatorio-fiscais[.]online,
,,,,hxxps[:]//is[.]gd/ZNaIPx,,,,8c17b3fd5dbf3c6b15ef5fa1ab4d073b,,,4ad5ec4fdfb923733abde9ca5f58fe87d158fca9,,a295b1b393b155838f6025b978f85a88ef6ce887e464d4d64b1fe53d4bbe5344,,,mail[.]worlorderbillions[.]top,
,,,,hxxps[:]//is[.]gd/YLdv9v,,,,29fedb37248cbc772c42a6761eeb751c,,,440afabd1d788abfef57392d1b5c8273269a34d6,,4cd9fa5b38f1c8e641d05fcb54799d8590dd74f289613031a6aa9c07e6787745,,,,
,,,,hxxps[:]//is[.]gd/GgwHec,,,,525637664e9cf885f4169e21e07bdfa3,,,c47a0d156753d487a63c69f4ee36b2a61b8e6765,,618d71841cb78611d1b8508b9347283faccff3d000a249b6ca9fc51f86c52929,,,,
,,,,hxxps[:]//is[.]gd/beDeD4,,,,,,,f068b7019e834d7227ff4077c37b0efe2cbb5b83,,6fea223a78861bd28bb61170cb9770963d2e025653f434c8b4ed30139b45c418,,,,
,,,,hxxps[:]//is[.]gd/4cJ9Xy,,,,,,,83d9c9475d8c3bd9443ee449c2d6a51da364af22,,44780624fe7a59de42904cf706e5b5f4e24fdc651650060c9c4a80ed79e6847c,,,,
,,,,hxxps[:]//is[.]gd/ry2QWB,,,,,,,7090039a6b87cae0d0607821180e41733617fad7,,7720a8205434301dcd3f13dba8c1aa320dd4ed27d4c3f8f1ab11b0b14913ab09,,,,
,,,,hxxps[:]//is[.]gd/FQLSXL,,,,,,,5ab4e9241270f7fe7b63174a8ecdc064078d47a6,,6794e14352a7425281e343953bc6ffce83f670bd0b14a124e4688caddf59c570,,,,
,,,,hxxps[:]//is[.]gd/EPC1WA,,,,,,,,,4eb742527caaf81e7ba3fb586c702564b7149db8403471d0048b7f75a5f8da73,,,,
,,,,hxxps[:]//is[.]gd/6MI0xY,,,,,,,,,,,,,
,,,,hxxps[:]//is[.]gd/HPzgGa,,,,,,,,,,,,,
,,,,hxxps[:]//notafiscal[.]relatorio-fiscais[.]store/nota-estadual/?notafiscal=00400713[.]986745,,,,,,,,,,,,,
,,,,hxxps[:]//is[.]gd/xnz0zL,,,,,,,,,,,,,
,,,,hxxps[:]//is[.]gd/xYtayt,,,,,,,,,,,,,
,,,,hxxps[:]//is[.]gd/31lZKX,,,,,,,,,,,,,
,,,,hxxps[:]//notafiscal[.]relatorio-fiscais[.]store/nota-estadual/cliques[.]php,,,,,,,,,,,,,
,,,,hxxps[:]//is[.]gd/uZ9Kgb,,,,,,,,,,,,,
,,,,hxxps[:]//is[.]gd/dOOd3n,,,,,,,,,,,,,
,,,,hxxps[:]//is[.]gd/rOuxtA,,,,,,,,,,,,,
,,,,hxxps[:]//is[.]gd/bpfHs8,,,,,,,,,,,,,
,,,,hxxps[:]//is[.]gd/OoGMj8,,,,,,,,,,,,,
,,,,hxxps[:]//is[.]gd/9Zflrw,,,,,,,,,,,,,
,,,,hxxps[:]//is[.]gd/CYs0pW,,,,,,,,,,,,,
,,,,hxxps[:]//is[.]gd/yTTykV,,,,,,,,,,,,,
,,,,hxxps[:]//is[.]gd/aWAHxV,,,,,,,,,,,,,
,,,,hxxps[:]//is[.]gd/7eku2S,,,,,,,,,,,,,
,,,,hxxps[:]//is[.]gd/8xvqxH,,,,,,,,,,,,,
,,,,hxxps[:]//is[.]gd/SmjAxl,,,,,,,,,,,,,
,,,,hxxps[:]//is[.]gd/Eu7caZ,,,,,,,,,,,,,
,,,,hxxps[:]//is[.]gd/5yChfC,,,,,,,,,,,,,
